Name,Date,Space Complexity,Tags,Time Complexity,Topic 1
62. Unique Paths,,O(n*m),,O(n*m),Dynamic Programming (https://www.notion.so/Dynamic-Programming-23cfa7ea1c9780eca734e4972c76b74a?pvs=21)
743. Network Delay Time,"September 28, 2025",,,,Dijkstra (https://www.notion.so/Dijkstra-245fa7ea1c97802cb223cc9bdcb08ab8?pvs=21)
153. Find Minimum in Rotated Sorted Array,,O(1),Revision needed,O(logn),Binary Search (https://www.notion.so/Binary-Search-24cfa7ea1c9780b39a9ecae826f1f8ad?pvs=21)
206. Reverse Linked List,"September 27, 2025",O(1),,O(n),Linked List (https://www.notion.so/Linked-List-24cfa7ea1c9780f681b6e0bdf57a9475?pvs=21)
33. Search in Rotated Sorted Array,,O(1),Revision needed,O(logn),Binary Search (https://www.notion.so/Binary-Search-24cfa7ea1c9780b39a9ecae826f1f8ad?pvs=21)
23. Merge k Sorted Lists,,O(k),,O(n*logk),"Linked List (https://www.notion.so/Linked-List-24cfa7ea1c9780f681b6e0bdf57a9475?pvs=21), Heaps (https://www.notion.so/Heaps-24dfa7ea1c9780f6927adb0e7f9469b7?pvs=21)"
124. Binary Tree Maximum Path Sum,,O(n),Revision needed,O(n),Binary Tree (https://www.notion.so/Binary-Tree-24efa7ea1c97805bbedafd06ca62e083?pvs=21)
238. Product of Array Except Self,"October 1, 2025",O(n),,O(n),"Array (https://www.notion.so/Array-24efa7ea1c9780b9b756fa92e608e324?pvs=21), Prefix Sum (https://www.notion.so/Prefix-Sum-24efa7ea1c97802e8800e09de7c5e440?pvs=21)"
128. Longest Consecutive Sequence,"October 27, 2025",,Revision needed,,Union Find (https://www.notion.so/Union-Find-258fa7ea1c97805c98aff8d4005f1723?pvs=21)
15. 3Sum,,,,,Two pointers (https://www.notion.so/Two-pointers-24efa7ea1c9780bab20ac18ec2de97f7?pvs=21)
11. Container With Most Water,"November 4, 2025",O(1),,O(n),Two pointers (https://www.notion.so/Two-pointers-24efa7ea1c9780bab20ac18ec2de97f7?pvs=21)
121. Best Time to Buy and Sell Stock,"October 30, 2025",,Revision needed,,Sliding window (https://www.notion.so/Sliding-window-24efa7ea1c978067aeeed8e0f0fa4f99?pvs=21)
3. Longest Substring Without Repeating Characters,"November 1, 2025",,,,Sliding WIndow (https://www.notion.so/Sliding-WIndow-24cfa7ea1c9780eaac90c4b65ef2907a?pvs=21)
424. Longest Repeating Character Replacement,"November 1, 2025",O(1),,O(n),"Sliding WIndow (https://www.notion.so/Sliding-WIndow-24cfa7ea1c9780eaac90c4b65ef2907a?pvs=21), Hashmaps (https://www.notion.so/Hashmaps-24cfa7ea1c9780ff9acdce67a3e02651?pvs=21)"
235. Lowest Common Ancestor of a Binary Search Tree,,,,,Binary Tree (https://www.notion.so/Binary-Tree-24efa7ea1c97805bbedafd06ca62e083?pvs=21)
39. Combination Sum,,,,O(2^n),Backtracking (https://www.notion.so/Backtracking-24efa7ea1c9780f995c9d402d6dda177?pvs=21)
79 Word Search,,O(L),,O(m*n * 3^L),Backtracking (https://www.notion.so/Backtracking-24efa7ea1c9780f995c9d402d6dda177?pvs=21)
207. Course Schedule,,O(V+E),Revision needed,O(V+E),"Graphs (https://www.notion.so/Graphs-24ffa7ea1c9780778b41e6cc99e4a126?pvs=21), Kahn's algorithm (https://www.notion.so/Kahn-s-algorithm-24ffa7ea1c9780c88c83ea742dbfa036?pvs=21), Topological sort DFS (https://www.notion.so/Topological-sort-DFS-250fa7ea1c97806ba31ad745d9cb67f2?pvs=21)"
210. Course Schedule II,,O(V+E),,O(V+E),"Graphs (https://www.notion.so/Graphs-24ffa7ea1c9780778b41e6cc99e4a126?pvs=21), Kahn's algorithm (https://www.notion.so/Kahn-s-algorithm-24ffa7ea1c9780c88c83ea742dbfa036?pvs=21), Topological sort DFS (https://www.notion.so/Topological-sort-DFS-250fa7ea1c978057bbcdc5176fce1ce8?pvs=21)"
417. Pacific Atlantic Water Flow,,O(n*m),Revision needed,O(n*m),"Graphs (https://www.notion.so/Graphs-24ffa7ea1c9780778b41e6cc99e4a126?pvs=21), BFS (https://www.notion.so/BFS-250fa7ea1c978063bce7ceb737b253a5?pvs=21)"
17. Letter Combinations of a Phone Number,,O(4^n * n),,O(4^n * n),Backtracking (https://www.notion.so/Backtracking-24efa7ea1c9780f995c9d402d6dda177?pvs=21)
200. Number of Islands,,O(M*N),,O(M*N),"Graphs (https://www.notion.so/Graphs-24ffa7ea1c9780778b41e6cc99e4a126?pvs=21), BFS (https://www.notion.so/BFS-250fa7ea1c978063bce7ceb737b253a5?pvs=21), DFS (https://www.notion.so/DFS-254fa7ea1c9780e39e36e71d4ffa61fe?pvs=21)"
684. Redundant Connection,"October 8, 2025",O(∝(n)),,O(∝(n)),Union Find (https://www.notion.so/Union-Find-258fa7ea1c97805c98aff8d4005f1723?pvs=21)
127. Word Ladder,,O(N*L),Revision needed,O(N*L^2),"BFS (https://www.notion.so/BFS-250fa7ea1c978063bce7ceb737b253a5?pvs=21), Graphs (https://www.notion.so/Graphs-24ffa7ea1c9780778b41e6cc99e4a126?pvs=21)"
1584. Min Cost to Connect All Points,"September 1, 2025",O(ElogE),Revision needed,O(ElogE),MST (https://www.notion.so/MST-261fa7ea1c97809088eaf36f0ef27f35?pvs=21)
778. Swim in Rising Water,"September 2, 2025",O(N^2),Revision needed,O(N^2 log(N^2)),Dijkstra (https://www.notion.so/Dijkstra-245fa7ea1c97802cb223cc9bdcb08ab8?pvs=21)
787. Cheapest Flights Within K Stops,"September 2, 2025",O(n),Revision needed,O(K * N),Bellman Ford (https://www.notion.so/Bellman-Ford-262fa7ea1c978060ae4ce72a3e92e5b2?pvs=21)
70. Climbing Stairs,"September 2, 2025",O(1),,O(n),Dynamic Programming (https://www.notion.so/Dynamic-Programming-23cfa7ea1c9780eca734e4972c76b74a?pvs=21)
746. Min Cost Climbing Stairs,"September 2, 2025",O(1),,O(n),Dynamic Programming (https://www.notion.so/Dynamic-Programming-23cfa7ea1c9780eca734e4972c76b74a?pvs=21)
198. House Robber,"January 2, 2026",O(1),,O(n),Dynamic Programming (https://www.notion.so/Dynamic-Programming-23cfa7ea1c9780eca734e4972c76b74a?pvs=21)
213. House Robber II,"January 2, 2026",O(1),,O(n),Dynamic Programming (https://www.notion.so/Dynamic-Programming-23cfa7ea1c9780eca734e4972c76b74a?pvs=21)
91. Decode Ways,"January 4, 2026",O(n),Revision needed,O(n),Dynamic Programming (https://www.notion.so/Dynamic-Programming-23cfa7ea1c9780eca734e4972c76b74a?pvs=21)
647. Palindromic Substrings,"November 13, 2025",O(N^2),Revision needed,O(N^2),Dynamic Programming (https://www.notion.so/Dynamic-Programming-23cfa7ea1c9780eca734e4972c76b74a?pvs=21)
5. Longest Palindromic Substring,"November 13, 2025",O(N^2),Revision needed,O(N^2),Dynamic Programming (https://www.notion.so/Dynamic-Programming-23cfa7ea1c9780eca734e4972c76b74a?pvs=21)
322. Coin Change,"November 7, 2025",O(n),,O(n),Dynamic Programming (https://www.notion.so/Dynamic-Programming-23cfa7ea1c9780eca734e4972c76b74a?pvs=21)
152. Maximum Product Subarray,"September 5, 2025",O(n),Revision needed,O(n),Dynamic Programming (https://www.notion.so/Dynamic-Programming-23cfa7ea1c9780eca734e4972c76b74a?pvs=21)
1143. Longest Common Subsequence,,O(n*m),,O(n*m),Dynamic Programming (https://www.notion.so/Dynamic-Programming-23cfa7ea1c9780eca734e4972c76b74a?pvs=21)
518. Coin Change II,,O(n*m),,O(n*m),Dynamic Programming (https://www.notion.so/Dynamic-Programming-23cfa7ea1c9780eca734e4972c76b74a?pvs=21)
72. Edit Distance,,O(n*m),,O(n*m),Dynamic Programming (https://www.notion.so/Dynamic-Programming-23cfa7ea1c9780eca734e4972c76b74a?pvs=21)
226. Invert Binary Tree,,O(1),Revision needed,O(n),Binary Tree (https://www.notion.so/Binary-Tree-24efa7ea1c97805bbedafd06ca62e083?pvs=21)
https://leetcode.com/problems/sort-vowels-in-a-string/,,O(n),,O(n),Sorting (https://www.notion.so/Sorting-26bfa7ea1c9780eaa022f2b5ad3ac885?pvs=21)
416. Partition Equal Subset Sum,"September 13, 2025",O(n*m),,O(n*m),0/1 Knapsack (https://www.notion.so/0-1-Knapsack-26dfa7ea1c97809a93bbfe45719ce7a0?pvs=21)
300 Longest Increasing Subsequence ,"September 15, 2025",,,,
704. Binary Search,"November 13, 2025",O(1),,O(logn),Binary Search (https://www.notion.so/Binary-Search-24cfa7ea1c9780b39a9ecae826f1f8ad?pvs=21)
90 Subsets II,"September 23, 2025",O(2^n),,O(2^n),Backtracking (https://www.notion.so/Backtracking-24efa7ea1c9780f995c9d402d6dda177?pvs=21)
100. Same Tree,"September 23, 2025",O(n),Revision needed,O(n),Binary Tree (https://www.notion.so/Binary-Tree-24efa7ea1c97805bbedafd06ca62e083?pvs=21)
572. Subtree of Another Tree,,,,,
111. Minimum Depth of Binary Tree,"September 24, 2025",O(n),Revision needed,O(n),Binary Tree (https://www.notion.so/Binary-Tree-24efa7ea1c97805bbedafd06ca62e083?pvs=21)
104. Maximum Depth of Binary Tree,"September 24, 2025",O(n),,O(n),Binary Tree (https://www.notion.so/Binary-Tree-24efa7ea1c97805bbedafd06ca62e083?pvs=21)
543. Diameter of Binary Tree,"September 24, 2025",O(n),,O(n),Binary Tree (https://www.notion.so/Binary-Tree-24efa7ea1c97805bbedafd06ca62e083?pvs=21)
46 Permutations,"September 25, 2025",O(n),,O(n!),Backtracking (https://www.notion.so/Backtracking-24efa7ea1c9780f995c9d402d6dda177?pvs=21)
242. Valid Anagram,,O(1),,O(n),"Hashmaps (https://www.notion.so/Hashmaps-24cfa7ea1c9780ff9acdce67a3e02651?pvs=21), Strings (https://www.notion.so/Strings-244fa7ea1c9780a78a4cc51d413d7267?pvs=21)"
347. Top K Frequent Elements,"October 1, 2025",O(n),,O(nlogn),"Hashmaps (https://www.notion.so/Hashmaps-24cfa7ea1c9780ff9acdce67a3e02651?pvs=21), Heaps (https://www.notion.so/Heaps-24dfa7ea1c9780f6927adb0e7f9469b7?pvs=21)"
31. Next Permutation,"November 12, 2025",O(1),Revision needed,O(n),Two pointers (https://www.notion.so/Two-pointers-24efa7ea1c9780bab20ac18ec2de97f7?pvs=21)
53. Maximum Subarray,"October 10, 2025",O(1),,O(n),Two pointers (https://www.notion.so/Two-pointers-24efa7ea1c9780bab20ac18ec2de97f7?pvs=21)
75. Sort Colors,"November 14, 2025",O(1),,O(n),Hashmaps (https://www.notion.so/Hashmaps-24cfa7ea1c9780ff9acdce67a3e02651?pvs=21)
2149. Rearrange Array Elements by Sign,"October 21, 2025",,,,Array (https://www.notion.so/Array-24efa7ea1c9780b9b756fa92e608e324?pvs=21)
219. Contains Duplicate II,"October 25, 2025",O(k),,O(n),"Hashmaps (https://www.notion.so/Hashmaps-24cfa7ea1c9780ff9acdce67a3e02651?pvs=21), Sliding window (https://www.notion.so/Sliding-window-24efa7ea1c978067aeeed8e0f0fa4f99?pvs=21)"
567. Permutation in String,"October 30, 2025",,,,"Hashmaps (https://www.notion.so/Hashmaps-24cfa7ea1c9780ff9acdce67a3e02651?pvs=21), Sliding window (https://www.notion.so/Sliding-window-24efa7ea1c978067aeeed8e0f0fa4f99?pvs=21)"
239. Sliding Window Maximum,"November 2, 2025",O(k),Revision needed,O(n),Sliding window (https://www.notion.so/Sliding-window-24efa7ea1c978067aeeed8e0f0fa4f99?pvs=21)
76. Minimum Window Substring,"November 4, 2025",O(1),,O(n),"Sliding window (https://www.notion.so/Sliding-window-24efa7ea1c978067aeeed8e0f0fa4f99?pvs=21), Hashmaps (https://www.notion.so/Hashmaps-24cfa7ea1c9780ff9acdce67a3e02651?pvs=21)"
167. Two Sum II - Input Array Is Sorted,"November 4, 2025",O(1),,O(n),Two pointers (https://www.notion.so/Two-pointers-24efa7ea1c9780bab20ac18ec2de97f7?pvs=21)
42. Trapping Rain Water,"November 12, 2025",O(n),,O(n),Two pointers (https://www.notion.so/Two-pointers-24efa7ea1c9780bab20ac18ec2de97f7?pvs=21)
26. Remove Duplicates from Sorted Array,"November 12, 2025",O(1),,O(n),Two pointers (https://www.notion.so/Two-pointers-24efa7ea1c9780bab20ac18ec2de97f7?pvs=21)
412. Fizz Buzz,"November 12, 2025",O(n),,O(n),Strings (https://www.notion.so/Strings-244fa7ea1c9780a78a4cc51d413d7267?pvs=21)
14. Longest Common Prefix,"November 12, 2025",O(n),,O(n*m),Strings (https://www.notion.so/Strings-244fa7ea1c9780a78a4cc51d413d7267?pvs=21)
34. Find First and Last Position of Element in Sorted Array,"November 14, 2025",O(1),Revision needed,O(logn),Binary Search (https://www.notion.so/Binary-Search-24cfa7ea1c9780b39a9ecae826f1f8ad?pvs=21)
88. Merge Sorted Array,"November 14, 2025",O(1),,O(n),Two pointers (https://www.notion.so/Two-pointers-24efa7ea1c9780bab20ac18ec2de97f7?pvs=21)
74. Search a 2D Matrix,"November 15, 2025",O(1),,O(logn),Binary Search (https://www.notion.so/Binary-Search-24cfa7ea1c9780b39a9ecae826f1f8ad?pvs=21)
148. Sort List,"November 18, 2025",O(n),,O(nlogn),"Sorting (https://www.notion.so/Sorting-26bfa7ea1c9780eaa022f2b5ad3ac885?pvs=21), Linked List (https://www.notion.so/Linked-List-24cfa7ea1c9780f681b6e0bdf57a9475?pvs=21)"
875. Koko Eating Bananas,"November 18, 2025",O(1),,O(nlogn),Binary Search (https://www.notion.so/Binary-Search-24cfa7ea1c9780b39a9ecae826f1f8ad?pvs=21)
373. Find K Pairs with Smallest Sums,"December 18, 2025",O(k),,O(n*logk),Heaps (https://www.notion.so/Heaps-24dfa7ea1c9780f6927adb0e7f9469b7?pvs=21)
1354. Construct Target Array With Multiple Sums,"December 19, 2025",,,,
1. Two Sum,,,,,"Hashmaps (https://www.notion.so/Hashmaps-24cfa7ea1c9780ff9acdce67a3e02651?pvs=21), Two pointers (https://www.notion.so/Two-pointers-24efa7ea1c9780bab20ac18ec2de97f7?pvs=21)"
2. Add Two Numbers,,,,,Linked List (https://www.notion.so/Linked-List-24cfa7ea1c9780f681b6e0bdf57a9475?pvs=21)
7. Reverse Integer,,O(1),,O(n),Math (https://www.notion.so/Math-2cffa7ea1c978076a4d4f4dcac76dc5b?pvs=21)
9. Palindrome Number,,O(1),,O(n),Math (https://www.notion.so/Math-2cffa7ea1c978076a4d4f4dcac76dc5b?pvs=21)
12. Integer to Roman,,O(n),,O(n),Hashmaps (https://www.notion.so/Hashmaps-24cfa7ea1c9780ff9acdce67a3e02651?pvs=21)
13. Roman to Integer,,,,,Hashmaps (https://www.notion.so/Hashmaps-24cfa7ea1c9780ff9acdce67a3e02651?pvs=21)
19. Remove Nth Node From End of List,,O(1),,O(n),"Linked List (https://www.notion.so/Linked-List-24cfa7ea1c9780f681b6e0bdf57a9475?pvs=21), Two pointers (https://www.notion.so/Two-pointers-24efa7ea1c9780bab20ac18ec2de97f7?pvs=21)"
20. Valid Parentheses,,O(n),,O(n),Stacks (https://www.notion.so/Stacks-2cffa7ea1c9780db86d7e9c7a1314167?pvs=21)
21. Merge Two Sorted Lists,,O(n),,O(n),Linked List (https://www.notion.so/Linked-List-24cfa7ea1c9780f681b6e0bdf57a9475?pvs=21)
22. Generate Parentheses,,,Revision needed,,Stacks (https://www.notion.so/Stacks-2cffa7ea1c9780db86d7e9c7a1314167?pvs=21)
27. Remove Element,,,,O(n),"Two pointers (https://www.notion.so/Two-pointers-24efa7ea1c9780bab20ac18ec2de97f7?pvs=21), Array (https://www.notion.so/Array-24efa7ea1c9780b9b756fa92e608e324?pvs=21)"
28. Find the Index of the First Occurrence in a String,,,,O(n),Sliding window (https://www.notion.so/Sliding-window-24efa7ea1c978067aeeed8e0f0fa4f99?pvs=21)
32. Longest Valid Parentheses,,,Revision needed,,Stacks (https://www.notion.so/Stacks-2cffa7ea1c9780db86d7e9c7a1314167?pvs=21)
35. Search Insert Position,,,Revision needed,,Binary Search (https://www.notion.so/Binary-Search-24cfa7ea1c9780b39a9ecae826f1f8ad?pvs=21)
36. Valid Sudoku,,,,,Hashmaps (https://www.notion.so/Hashmaps-24cfa7ea1c9780ff9acdce67a3e02651?pvs=21)
40. Combination Sum II,,,,,Backtracking (https://www.notion.so/Backtracking-24efa7ea1c9780f995c9d402d6dda177?pvs=21)
41. First Missing Positive,,,Revision needed,,
43. Multiply Strings,,,Revision needed,,Math (https://www.notion.so/Math-2cffa7ea1c978076a4d4f4dcac76dc5b?pvs=21)
48. Rotate Image,,,Revision needed,,Math (https://www.notion.so/Math-2cffa7ea1c978076a4d4f4dcac76dc5b?pvs=21)
49. Group Anagrams,,,,,Hashmaps (https://www.notion.so/Hashmaps-24cfa7ea1c9780ff9acdce67a3e02651?pvs=21)
"50. Pow(x, n)",,,Revision needed,,
53. Maximum Subarray,,,,,"Kadane Algorithm (https://www.notion.so/Kadane-Algorithm-2cffa7ea1c978091a618f71bfd465351?pvs=21), Sliding window (https://www.notion.so/Sliding-window-24efa7ea1c978067aeeed8e0f0fa4f99?pvs=21)"
54. Spiral Matrix,,,,,
55. Jump Game,,,,,"Greedy (https://www.notion.so/Greedy-2cffa7ea1c978008b78ad9bc277b4485?pvs=21), Dynamic Programming (https://www.notion.so/Dynamic-Programming-23cfa7ea1c9780eca734e4972c76b74a?pvs=21)"
58. Length of Last Word,,,,,
63. Unique Paths II,,,Revision needed,,Dynamic Programming (https://www.notion.so/Dynamic-Programming-23cfa7ea1c9780eca734e4972c76b74a?pvs=21)
https://leetcode.com/problems/minimum-path-sum/,,,,,Dynamic Programming (https://www.notion.so/Dynamic-Programming-23cfa7ea1c9780eca734e4972c76b74a?pvs=21)
66. Plus One,,,,,Math (https://www.notion.so/Math-2cffa7ea1c978076a4d4f4dcac76dc5b?pvs=21)
67. Add Binary,,,,,Bit manipulation (https://www.notion.so/Bit-manipulation-2cffa7ea1c97808dab19e86f1ff784b3?pvs=21)
69. Sqrt(x),,,,,Math (https://www.notion.so/Math-2cffa7ea1c978076a4d4f4dcac76dc5b?pvs=21)
73. Set Matrix Zeroes,,,,,Hashmaps (https://www.notion.so/Hashmaps-24cfa7ea1c9780ff9acdce67a3e02651?pvs=21)
77. Combinations,,,Revision needed,,Backtracking (https://www.notion.so/Backtracking-24efa7ea1c9780f995c9d402d6dda177?pvs=21)
78. Subsets,,,Revision needed,,Backtracking (https://www.notion.so/Backtracking-24efa7ea1c9780f995c9d402d6dda177?pvs=21)
79. Word Search,,,,,Backtracking (https://www.notion.so/Backtracking-24efa7ea1c9780f995c9d402d6dda177?pvs=21)
80. Remove Duplicates from Sorted Array II,,,Revision needed,,Two pointers (https://www.notion.so/Two-pointers-24efa7ea1c9780bab20ac18ec2de97f7?pvs=21)
83. Remove Duplicates from Sorted List,,,,,Linked List (https://www.notion.so/Linked-List-24cfa7ea1c9780f681b6e0bdf57a9475?pvs=21)
84. Largest Rectangle in Histogram,"December 18, 2025",,Revision needed,,Stacks (https://www.notion.so/Stacks-2cffa7ea1c9780db86d7e9c7a1314167?pvs=21)
90. Subsets II,,,Revision needed,,Backtracking (https://www.notion.so/Backtracking-24efa7ea1c9780f995c9d402d6dda177?pvs=21)
94. Binary Tree Inorder Traversal,,,,,Binary Tree (https://www.notion.so/Binary-Tree-24efa7ea1c97805bbedafd06ca62e083?pvs=21)
97. Interleaving String,,,Revision needed,,Dynamic Programming (https://www.notion.so/Dynamic-Programming-23cfa7ea1c9780eca734e4972c76b74a?pvs=21)
98. Validate Binary Search Tree,,,Revision needed,,Binary Tree (https://www.notion.so/Binary-Tree-24efa7ea1c97805bbedafd06ca62e083?pvs=21)
101. Symmetric Tree,,,Revision needed,,Binary Tree (https://www.notion.so/Binary-Tree-24efa7ea1c97805bbedafd06ca62e083?pvs=21)
102. Binary Tree Level Order Traversal,,,,,"Binary Tree (https://www.notion.so/Binary-Tree-24efa7ea1c97805bbedafd06ca62e083?pvs=21), BFS (https://www.notion.so/BFS-250fa7ea1c978063bce7ceb737b253a5?pvs=21)"
103. Binary Tree Zigzag Level Order Traversal,,,,,"BFS (https://www.notion.so/BFS-250fa7ea1c978063bce7ceb737b253a5?pvs=21), Binary Tree (https://www.notion.so/Binary-Tree-24efa7ea1c97805bbedafd06ca62e083?pvs=21)"
105. Construct Binary Tree from Preorder and Inorder Traversal,,,,,Binary Tree (https://www.notion.so/Binary-Tree-24efa7ea1c97805bbedafd06ca62e083?pvs=21)
106. Construct Binary Tree from Inorder and Postorder Traversal,,,,,Binary Tree (https://www.notion.so/Binary-Tree-24efa7ea1c97805bbedafd06ca62e083?pvs=21)
107. Binary Tree Level Order Traversal II,,,,,"Binary Tree (https://www.notion.so/Binary-Tree-24efa7ea1c97805bbedafd06ca62e083?pvs=21), BFS (https://www.notion.so/BFS-250fa7ea1c978063bce7ceb737b253a5?pvs=21)"
108. Convert Sorted Array to Binary Search Tree,,,,,Binary Tree (https://www.notion.so/Binary-Tree-24efa7ea1c97805bbedafd06ca62e083?pvs=21)
109. Convert Sorted List to Binary Search Tree,,,,,"Binary Tree (https://www.notion.so/Binary-Tree-24efa7ea1c97805bbedafd06ca62e083?pvs=21), Linked List (https://www.notion.so/Linked-List-24cfa7ea1c9780f681b6e0bdf57a9475?pvs=21)"
110. Balanced Binary Tree,,,Revision needed,,Binary Tree (https://www.notion.so/Binary-Tree-24efa7ea1c97805bbedafd06ca62e083?pvs=21)
112. Path Sum,,,,,"Binary Tree (https://www.notion.so/Binary-Tree-24efa7ea1c97805bbedafd06ca62e083?pvs=21), DFS (https://www.notion.so/DFS-254fa7ea1c9780e39e36e71d4ffa61fe?pvs=21)"
114. Flatten Binary Tree to Linked List,,,,,"Binary Tree (https://www.notion.so/Binary-Tree-24efa7ea1c97805bbedafd06ca62e083?pvs=21), Linked List (https://www.notion.so/Linked-List-24cfa7ea1c9780f681b6e0bdf57a9475?pvs=21)"
115. Distinct Subsequences,,,Revision needed,,Dynamic Programming (https://www.notion.so/Dynamic-Programming-23cfa7ea1c9780eca734e4972c76b74a?pvs=21)
118. Pascal's Triangle,,,,,Dynamic Programming (https://www.notion.so/Dynamic-Programming-23cfa7ea1c9780eca734e4972c76b74a?pvs=21)
119. Pascal's Triangle II,,,,,Dynamic Programming (https://www.notion.so/Dynamic-Programming-23cfa7ea1c9780eca734e4972c76b74a?pvs=21)
120. Triangle,,,,,Dynamic Programming (https://www.notion.so/Dynamic-Programming-23cfa7ea1c9780eca734e4972c76b74a?pvs=21)
122. Best Time to Buy and Sell Stock II,,,Revision needed,,Dynamic Programming (https://www.notion.so/Dynamic-Programming-23cfa7ea1c9780eca734e4972c76b74a?pvs=21)
125. Valid Palindrome,,,,,Two pointers (https://www.notion.so/Two-pointers-24efa7ea1c9780bab20ac18ec2de97f7?pvs=21)
130. Surrounded Regions,,,,,"Graphs (https://www.notion.so/Graphs-24ffa7ea1c9780778b41e6cc99e4a126?pvs=21), BFS (https://www.notion.so/BFS-250fa7ea1c978063bce7ceb737b253a5?pvs=21), DFS (https://www.notion.so/DFS-254fa7ea1c9780e39e36e71d4ffa61fe?pvs=21)"
133. Clone Graph,,,,,Graphs (https://www.notion.so/Graphs-24ffa7ea1c9780778b41e6cc99e4a126?pvs=21)
136. Single Number,,,,,Bit manipulation (https://www.notion.so/Bit-manipulation-2cffa7ea1c97808dab19e86f1ff784b3?pvs=21)
138. Copy List with Random Pointer,,,Revision needed,,Linked List (https://www.notion.so/Linked-List-24cfa7ea1c9780f681b6e0bdf57a9475?pvs=21)
141. Linked List Cycle,,,,,"Linked List (https://www.notion.so/Linked-List-24cfa7ea1c9780f681b6e0bdf57a9475?pvs=21), Two pointers (https://www.notion.so/Two-pointers-24efa7ea1c9780bab20ac18ec2de97f7?pvs=21)"
142. Linked List Cycle II,,,Revision needed,,"Linked List (https://www.notion.so/Linked-List-24cfa7ea1c9780f681b6e0bdf57a9475?pvs=21), Two pointers (https://www.notion.so/Two-pointers-24efa7ea1c9780bab20ac18ec2de97f7?pvs=21)"
143. Reorder List,,,,,"Linked List (https://www.notion.so/Linked-List-24cfa7ea1c9780f681b6e0bdf57a9475?pvs=21), Two pointers (https://www.notion.so/Two-pointers-24efa7ea1c9780bab20ac18ec2de97f7?pvs=21)"
144. Binary Tree Preorder Traversal,,,,,"Binary Tree (https://www.notion.so/Binary-Tree-24efa7ea1c97805bbedafd06ca62e083?pvs=21), DFS (https://www.notion.so/DFS-254fa7ea1c9780e39e36e71d4ffa61fe?pvs=21)"
145. Binary Tree Postorder Traversal,,,,,"DFS (https://www.notion.so/DFS-254fa7ea1c9780e39e36e71d4ffa61fe?pvs=21), Binary Tree (https://www.notion.so/Binary-Tree-24efa7ea1c97805bbedafd06ca62e083?pvs=21)"
150. Evaluate Reverse Polish Notation,,,,,Stacks (https://www.notion.so/Stacks-2cffa7ea1c9780db86d7e9c7a1314167?pvs=21)
155. Min Stack,,,Revision needed,,Stacks (https://www.notion.so/Stacks-2cffa7ea1c9780db86d7e9c7a1314167?pvs=21)
169. Majority Element,,,,,Hashmaps (https://www.notion.so/Hashmaps-24cfa7ea1c9780ff9acdce67a3e02651?pvs=21)
179. Largest Number,,,Revision needed,,
189. Rotate Array,,,,,Two pointers (https://www.notion.so/Two-pointers-24efa7ea1c9780bab20ac18ec2de97f7?pvs=21)
191. Number of 1 Bits,,,,,Bit manipulation (https://www.notion.so/Bit-manipulation-2cffa7ea1c97808dab19e86f1ff784b3?pvs=21)
199. Binary Tree Right Side View,,,,,"Binary Tree (https://www.notion.so/Binary-Tree-24efa7ea1c97805bbedafd06ca62e083?pvs=21), BFS (https://www.notion.so/BFS-250fa7ea1c978063bce7ceb737b253a5?pvs=21)"
202. Happy Number,,,,,Math (https://www.notion.so/Math-2cffa7ea1c978076a4d4f4dcac76dc5b?pvs=21)
203. Remove Linked List Elements,,,,,Linked List (https://www.notion.so/Linked-List-24cfa7ea1c9780f681b6e0bdf57a9475?pvs=21)
208. Implement Trie (Prefix Tree),,,Revision needed,,
209. Minimum Size Subarray Sum,,,Revision needed,,
215. Kth Largest Element in an Array,,,,,Heaps (https://www.notion.so/Heaps-24dfa7ea1c9780f6927adb0e7f9469b7?pvs=21)
217. Contains Duplicate,,,,,Hashmaps (https://www.notion.so/Hashmaps-24cfa7ea1c9780ff9acdce67a3e02651?pvs=21)
222. Count Complete Tree Nodes,,,,,Binary Tree (https://www.notion.so/Binary-Tree-24efa7ea1c97805bbedafd06ca62e083?pvs=21)
287. Find the Duplicate Number,,,Revision needed,,Two pointers (https://www.notion.so/Two-pointers-24efa7ea1c9780bab20ac18ec2de97f7?pvs=21)
295. Find Median from Data Stream,,,Revision needed,,Heaps (https://www.notion.so/Heaps-24dfa7ea1c9780f6927adb0e7f9469b7?pvs=21)
297. Serialize and Deserialize Binary Tree,,,Revision needed,,Binary Tree (https://www.notion.so/Binary-Tree-24efa7ea1c97805bbedafd06ca62e083?pvs=21)
300. Longest Increasing Subsequence,,,Revision needed,,Dynamic Programming (https://www.notion.so/Dynamic-Programming-23cfa7ea1c9780eca734e4972c76b74a?pvs=21)
304. Range Sum Query 2D - Immutable,,,Revision needed,,Prefix Sum (https://www.notion.so/Prefix-Sum-24efa7ea1c97802e8800e09de7c5e440?pvs=21)
377. Combination Sum IV,,,Revision needed,,Dynamic Programming (https://www.notion.so/Dynamic-Programming-23cfa7ea1c9780eca734e4972c76b74a?pvs=21)
406. Queue Reconstruction by Height,,,Revision needed,,
407. Trapping Rain Water II,,,Revision needed,,
429. N-ary Tree Level Order Traversal,,,,,"BFS (https://www.notion.so/BFS-250fa7ea1c978063bce7ceb737b253a5?pvs=21), Binary Tree (https://www.notion.so/Binary-Tree-24efa7ea1c97805bbedafd06ca62e083?pvs=21)"
438. Find All Anagrams in a String,,,,,Sliding WIndow (https://www.notion.so/Sliding-WIndow-24cfa7ea1c9780eaac90c4b65ef2907a?pvs=21)
445. Add Two Numbers II,,,,,Linked List (https://www.notion.so/Linked-List-24cfa7ea1c9780f681b6e0bdf57a9475?pvs=21)
450. Delete Node in a BST,,,,,Binary Tree (https://www.notion.so/Binary-Tree-24efa7ea1c97805bbedafd06ca62e083?pvs=21)
474. Ones and Zeroes,,,Revision needed,,
494. Target Sum,,,,,Dynamic Programming (https://www.notion.so/Dynamic-Programming-23cfa7ea1c9780eca734e4972c76b74a?pvs=21)
503. Next Greater Element II,,,,,Stacks (https://www.notion.so/Stacks-2cffa7ea1c9780db86d7e9c7a1314167?pvs=21)
515. Find Largest Value in Each Tree Row,,,,,"Binary Tree (https://www.notion.so/Binary-Tree-24efa7ea1c97805bbedafd06ca62e083?pvs=21), BFS (https://www.notion.so/BFS-250fa7ea1c978063bce7ceb737b253a5?pvs=21)"
621. Task Scheduler,,,Revision needed,,
636. Exclusive Time of Functions,,,Revision needed,,Stacks (https://www.notion.so/Stacks-2cffa7ea1c9780db86d7e9c7a1314167?pvs=21)
654. Maximum Binary Tree,,,Revision needed,,Binary Tree (https://www.notion.so/Binary-Tree-24efa7ea1c97805bbedafd06ca62e083?pvs=21)
689. Maximum Sum of 3 Non-Overlapping Subarrays,,,Revision needed,,
695. Max Area of Island,,,,,"Graphs (https://www.notion.so/Graphs-24ffa7ea1c9780778b41e6cc99e4a126?pvs=21), BFS (https://www.notion.so/BFS-250fa7ea1c978063bce7ceb737b253a5?pvs=21), DFS (https://www.notion.so/DFS-254fa7ea1c9780e39e36e71d4ffa61fe?pvs=21)"
701. Insert into a Binary Search Tree,,,,,Binary Tree (https://www.notion.so/Binary-Tree-24efa7ea1c97805bbedafd06ca62e083?pvs=21)
739. Daily Temperatures,,,,,Stacks (https://www.notion.so/Stacks-2cffa7ea1c9780db86d7e9c7a1314167?pvs=21)
740. Delete and Earn,,,Revision needed,,
743. Network Delay Time,,,,,Dijkstra (https://www.notion.so/Dijkstra-245fa7ea1c97802cb223cc9bdcb08ab8?pvs=21)
769. Max Chunks To Make Sorted,,,Revision needed,,
802. Find Eventual Safe States,,,Revision needed,,
827. Making A Large Island,,,Revision needed,,
873. Length of Longest Fibonacci Subsequence,,,,,Dynamic Programming (https://www.notion.so/Dynamic-Programming-23cfa7ea1c9780eca734e4972c76b74a?pvs=21)
889. Construct Binary Tree from Preorder and Postorder Traversal,,,,,Binary Tree (https://www.notion.so/Binary-Tree-24efa7ea1c97805bbedafd06ca62e083?pvs=21)
912. Sort an Array,,,,,Sorting (https://www.notion.so/Sorting-26bfa7ea1c9780eaa022f2b5ad3ac885?pvs=21)
916. Word Subsets,,,Revision needed,,
931. Minimum Falling Path Sum,,,,,Dynamic Programming (https://www.notion.so/Dynamic-Programming-23cfa7ea1c9780eca734e4972c76b74a?pvs=21)
973. K Closest Points to Origin,,,,,Heaps (https://www.notion.so/Heaps-24dfa7ea1c9780f6927adb0e7f9469b7?pvs=21)
983. Minimum Cost For Tickets,,,,,Dynamic Programming (https://www.notion.so/Dynamic-Programming-23cfa7ea1c9780eca734e4972c76b74a?pvs=21)
994. Rotting Oranges,,,,,"Graphs (https://www.notion.so/Graphs-24ffa7ea1c9780778b41e6cc99e4a126?pvs=21), BFS (https://www.notion.so/BFS-250fa7ea1c978063bce7ceb737b253a5?pvs=21)"
1008. Construct Binary Search Tree from Preorder Traversal,,,,,Binary Tree (https://www.notion.so/Binary-Tree-24efa7ea1c97805bbedafd06ca62e083?pvs=21)
1014. Best Sightseeing Pair,,,,,Dynamic Programming (https://www.notion.so/Dynamic-Programming-23cfa7ea1c9780eca734e4972c76b74a?pvs=21)
1028. Recover a Tree From Preorder Traversal,,,Revision needed,,Binary Tree (https://www.notion.so/Binary-Tree-24efa7ea1c97805bbedafd06ca62e083?pvs=21)
1049. Last Stone Weight II,,,,,Heaps (https://www.notion.so/Heaps-24dfa7ea1c9780f6927adb0e7f9469b7?pvs=21)
1079. Letter Tile Possibilities,,,,,Backtracking (https://www.notion.so/Backtracking-24efa7ea1c9780f995c9d402d6dda177?pvs=21)
1091. Shortest Path in Binary Matrix,,,,,BFS (https://www.notion.so/BFS-250fa7ea1c978063bce7ceb737b253a5?pvs=21)
1092. Shortest Common Supersequence ,,,Revision needed,,
1161. Maximum Level Sum of a Binary Tree,,,,,BFS (https://www.notion.so/BFS-250fa7ea1c978063bce7ceb737b253a5?pvs=21)
1249. Minimum Remove to Make Valid Parentheses,,,,,Stacks (https://www.notion.so/Stacks-2cffa7ea1c9780db86d7e9c7a1314167?pvs=21)
1261. Find Elements in a Contaminated Binary Tree,,,Revision needed,,Binary Tree (https://www.notion.so/Binary-Tree-24efa7ea1c97805bbedafd06ca62e083?pvs=21)
1267. Count Servers that Communicate,,,,,"BFS (https://www.notion.so/BFS-250fa7ea1c978063bce7ceb737b253a5?pvs=21), DFS (https://www.notion.so/DFS-254fa7ea1c9780e39e36e71d4ffa61fe?pvs=21)"
1343. Number of Sub-arrays of Size K and Average Greater than or Equal to Threshold,,,,,Sliding window (https://www.notion.so/Sliding-window-24efa7ea1c978067aeeed8e0f0fa4f99?pvs=21)
1352. Product of the Last K Numbers,,,,,Heaps (https://www.notion.so/Heaps-24dfa7ea1c9780f6927adb0e7f9469b7?pvs=21)
1354. Construct Target Array With Multiple Sums,"December 19, 2025",,Revision needed,,Heaps (https://www.notion.so/Heaps-24dfa7ea1c9780f6927adb0e7f9469b7?pvs=21)
1358. Number of Substrings Containing All Three Characters,,,,,Sliding window (https://www.notion.so/Sliding-window-24efa7ea1c978067aeeed8e0f0fa4f99?pvs=21)
1368. Minimum Cost to Make at Least One Valid Path in a Grid,,,Revision needed,,
1400. Construct K Palindrome Strings,,,Revision needed,,
1441. Build an Array With Stack Operations,,,,,Stacks (https://www.notion.so/Stacks-2cffa7ea1c9780db86d7e9c7a1314167?pvs=21)
1448. Count Good Nodes in Binary Tree,,,,,"DFS (https://www.notion.so/DFS-254fa7ea1c9780e39e36e71d4ffa61fe?pvs=21), Binary Tree (https://www.notion.so/Binary-Tree-24efa7ea1c97805bbedafd06ca62e083?pvs=21)"
1462. Course Schedule IV,,,,,"DFS (https://www.notion.so/DFS-254fa7ea1c9780e39e36e71d4ffa61fe?pvs=21), Kahn's algorithm (https://www.notion.so/Kahn-s-algorithm-24ffa7ea1c9780c88c83ea742dbfa036?pvs=21), Topological sort DFS (https://www.notion.so/Topological-sort-DFS-250fa7ea1c97806ba31ad745d9cb67f2?pvs=21)"
1472. Design Browser History,,,,,Linked List (https://www.notion.so/Linked-List-24cfa7ea1c9780f681b6e0bdf57a9475?pvs=21)
1524. Number of Sub-arrays With Odd Sum,,,,,Prefix Sum (https://www.notion.so/Prefix-Sum-24efa7ea1c97802e8800e09de7c5e440?pvs=21)
1639. Number of Ways to Form a Target String Given a Dictionary,,,Revision needed,,
1718. Construct the Lexicographically Largest Valid Sequence,,,Revision needed,,
1726. Tuple with Same Product,,,Revision needed,,
1749. Maximum Absolute Sum of Any Subarray,,,Revision needed,,
1765. Map of Highest Peak,,,,,Graphs (https://www.notion.so/Graphs-24ffa7ea1c9780778b41e6cc99e4a126?pvs=21)
1769. Minimum Number of Operations to Move All Balls to Each Box,,,Revision needed,,
1780. Check if Number is a Sum of Powers of Three,,,Revision needed,,
1792. Maximum Average Pass Ratio,,,,,Heaps (https://www.notion.so/Heaps-24dfa7ea1c9780f6927adb0e7f9469b7?pvs=21)
1838. Frequency of the Most Frequent Element,,,Revision needed,,
1865. Finding Pairs With a Certain Sum,,,Revision needed,,
1910. Remove All Occurrences of a Substring,,,Revision needed,,
1930. Unique Length-3 Palindromic Subsequences,,,Revision needed,,
1980. Find Unique Binary String,,,Revision needed,,
1985. Find the Kth Largest Integer in the Array,,,Revision needed,,
2017. Grid Game,,,Revision needed,,
2109. Adding Spaces to a String,,,,,Strings (https://www.notion.so/Strings-244fa7ea1c9780a78a4cc51d413d7267?pvs=21)
2116. Check if a Parentheses String Can Be Valid,,,Revision needed,,
2127. Maximum Employees to Be Invited to a Meeting,,,Revision needed,,
2130. Maximum Twin Sum of a Linked List,,,Revision needed,,
2149. Rearrange Array Elements by Sign,,,,,Queue (https://www.notion.so/Queue-2cffa7ea1c97803fbbd1d10e962c75db?pvs=21)
2161. Partition Array According to Given Pivot,,,Revision needed,,
2182. Construct String With Repeat Limit,,,Revision needed,,
2226. Maximum Candies Allocated to K Children,,,Revision needed,,
2300. Successful Pairs of Spells and Potions,,,,,Two pointers (https://www.notion.so/Two-pointers-24efa7ea1c9780bab20ac18ec2de97f7?pvs=21)
2342. Max Sum of a Pair With Equal Sum of Digits,,,,,Hashmaps (https://www.notion.so/Hashmaps-24cfa7ea1c9780ff9acdce67a3e02651?pvs=21)
2349. Design a Number Container System,,,Revision needed,,
2364. Count Number of Bad Pairs,,,,,
337. House Robber III,"January 3, 2026",,,,"Dynamic Programming (https://www.notion.so/Dynamic-Programming-23cfa7ea1c9780eca734e4972c76b74a?pvs=21), Binary Tree (https://www.notion.so/Binary-Tree-24efa7ea1c97805bbedafd06ca62e083?pvs=21)"
,,,,,
221. Maximal Square,"January 9, 2026",,,,Dynamic Programming (https://www.notion.so/Dynamic-Programming-23cfa7ea1c9780eca734e4972c76b74a?pvs=21)
